{
    "Vitality": "https://www.hltv.org/team/9565/vitality?startDate=2024-03-29&endDate=2024-09-29&rankingFilter=Top50",
    "Natus Vincere": "https://www.hltv.org/team/4608/natus-vincere?startDate=2024-03-29&endDate=2024-09-29&rankingFilter=Top50",
    "Spirit": "https://www.hltv.org/team/7020/spirit?startDate=2024-03-29&endDate=2024-09-29&rankingFilter=Top50",
    "MOUZ": "https://www.hltv.org/team/4494/mouz?startDate=2024-03-29&endDate=2024-09-29&rankingFilter=Top50",
    "The MongolZ": "https://www.hltv.org/team/6248/the-mongolz?startDate=2024-03-29&endDate=2024-09-29&rankingFilter=Top50",
    "G2": "https://www.hltv.org/team/5995/g2?startDate=2024-03-29&endDate=2024-09-29&rankingFilter=Top50",
    "MIBR": "https://www.hltv.org/team/9215/mibr?startDate=2024-03-29&endDate=2024-09-29&rankingFilter=Top50",
    "PARIVISION": "https://www.hltv.org/team/12467/parivision?startDate=2024-03-29&endDate=2024-09-29&rankingFilter=Top50",
    "9 Pandas": "https://www.hltv.org/team/11883/9-pandas?startDate=2024-03-29&endDate=2024-09-29&rankingFilter=Top50",
    "Monte": "https://www.hltv.org/team/11811/monte?startDate=2024-03-29&endDate=2024-09-29&rankingFilter=Top50",
    "Eternal Fire": "https://www.hltv.org/team/11251/eternal-fire?startDate=2024-03-29&endDate=2024-09-29&rankingFilter=Top50",
    "B8": "https://www.hltv.org/team/11241/b8?startDate=2024-03-29&endDate=2024-09-29&rankingFilter=Top50",
    "FaZe": "https://www.hltv.org/team/6667/faze?startDate=2024-03-29&endDate=2024-09-29&rankingFilter=Top50",
    "Nemiga": "https://www.hltv.org/team/7969/nemiga?startDate=2024-03-29&endDate=2024-09-29&rankingFilter=Top50",
    "Aurora": "https://www.hltv.org/team/11861/aurora?startDate=2024-03-29&endDate=2024-09-29&rankingFilter=Top50",
    "Astralis": "https://www.hltv.org/team/6665/astralis?startDate=2024-03-29&endDate=2024-09-29&rankingFilter=Top50",
    "Passion UA": "https://www.hltv.org/team/12426/passion-ua?startDate=2024-03-29&endDate=2024-09-29&rankingFilter=Top50",
    "fnatic": "https://www.hltv.org/team/4991/fnatic?startDate=2024-03-29&endDate=2024-09-29&rankingFilter=Top50",
    "3DMAX": "https://www.hltv.org/team/4914/3dmax?startDate=2024-03-29&endDate=2024-09-29&rankingFilter=Top50",
    "Liquid": "https://www.hltv.org/team/5973/liquid?startDate=2024-03-29&endDate=2024-09-29&rankingFilter=Top50",
    "Imperial": "https://www.hltv.org/team/9455/imperial?startDate=2024-03-29&endDate=2024-09-29&rankingFilter=Top50",
    "HEROIC": "https://www.hltv.org/team/7175/heroic?startDate=2024-03-29&endDate=2024-09-29&rankingFilter=Top50",
    "Sangal": "https://www.hltv.org/team/10333/sangal?startDate=2024-03-29&endDate=2024-09-29&rankingFilter=Top50",
    "Complexity": "https://www.hltv.org/team/5005/complexity?startDate=2024-03-29&endDate=2024-09-29&rankingFilter=Top50",
    "AMKAL": "https://www.hltv.org/team/12586/amkal?startDate=2024-03-29&endDate=2024-09-29&rankingFilter=Top50",
    "9z": "https://www.hltv.org/team/9996/9z?startDate=2024-03-29&endDate=2024-09-29&rankingFilter=Top50",
    "paiN": "https://www.hltv.org/team/4773/pain?startDate=2024-03-29&endDate=2024-09-29&rankingFilter=Top50",
    "BLEED": "https://www.hltv.org/team/12543/bleed?startDate=2024-03-29&endDate=2024-09-29&rankingFilter=Top50",
    "SAW": "https://www.hltv.org/team/10567/saw?startDate=2024-03-29&endDate=2024-09-29&rankingFilter=Top50",
    "BetBoom": "https://www.hltv.org/team/12394/betboom?startDate=2024-03-29&endDate=2024-09-29&rankingFilter=Top50",
    "Virtus.pro": "https://www.hltv.org/team/5378/virtuspro?startDate=2024-03-29&endDate=2024-09-29&rankingFilter=Top50",
    "MOUZ NXT": "https://www.hltv.org/team/11176/mouz-nxt?startDate=2024-03-29&endDate=2024-09-29&rankingFilter=Top50",
    "ENCE": "https://www.hltv.org/team/4869/ence?startDate=2024-03-29&endDate=2024-09-29&rankingFilter=Top50",
    "Falcons": "https://www.hltv.org/team/11283/falcons?startDate=2024-03-29&endDate=2024-09-29&rankingFilter=Top50",
    "BIG": "https://www.hltv.org/team/7532/big?startDate=2024-03-29&endDate=2024-09-29&rankingFilter=Top50",
    "FURIA": "https://www.hltv.org/team/8297/furia?startDate=2024-03-29&endDate=2024-09-29&rankingFilter=Top50",
    "OG": "https://www.hltv.org/team/10503/og?startDate=2024-03-29&endDate=2024-09-29&rankingFilter=Top50",
    "Sashi": "https://www.hltv.org/team/11712/sashi?startDate=2024-03-29&endDate=2024-09-29&rankingFilter=Top50",
    "SINNERS": "https://www.hltv.org/team/10577/sinners?startDate=2024-03-29&endDate=2024-09-29&rankingFilter=Top50",
    "Fluxo": "https://www.hltv.org/team/11837/fluxo?startDate=2024-03-29&endDate=2024-09-29&rankingFilter=Top50",
    "Rebels": "https://www.hltv.org/team/12642/rebels?startDate=2024-03-29&endDate=2024-09-29&rankingFilter=Top50",
    "Ninjas in Pyjamas": "https://www.hltv.org/team/4411/ninjas-in-pyjamas?startDate=2024-03-29&endDate=2024-09-29&rankingFilter=Top50",
    "RED Canids": "https://www.hltv.org/team/7176/red-canids?startDate=2024-03-29&endDate=2024-09-29&rankingFilter=Top50",
    "GamerLegion": "https://www.hltv.org/team/9928/gamerlegion?startDate=2024-03-29&endDate=2024-09-29&rankingFilter=Top50",
    "Zero Tenacity": "https://www.hltv.org/team/11523/zero-tenacity?startDate=2024-03-29&endDate=2024-09-29&rankingFilter=Top50"
}