{
    "Vitality": {
        "valve ranking": 3,
        "world ranking": 2,
        "weeks in top30 for core": 111
    },
    "Natus Vincere": {
        "valve ranking": 1,
        "world ranking": 1,
        "weeks in top30 for core": 63
    },
    "Spirit": {
        "valve ranking": 4,
        "world ranking": 4,
        "weeks in top30 for core": 59
    },
    "MOUZ": {
        "valve ranking": 6,
        "world ranking": 5,
        "weeks in top30 for core": 68
    },
    "The MongolZ": {
        "valve ranking": 10,
        "world ranking": 13,
        "weeks in top30 for core": 52
    },
    "G2": {
        "valve ranking": 2,
        "world ranking": 3,
        "weeks in top30 for core": 140
    },
    "MIBR": {
        "valve ranking": 21,
        "world ranking": 14,
        "weeks in top30 for core": 54
    },
    "PARIVISION": {
        "valve ranking": 40,
        "world ranking": 43,
        "weeks in top30 for core": 0
    },
    "9 Pandas": {
        "valve ranking": 45,
        "world ranking": 36,
        "weeks in top30 for core": 22
    },
    "Monte": {
        "valve ranking": 37,
        "world ranking": 40,
        "weeks in top30 for core": 0
    },
    "Eternal Fire": {
        "valve ranking": 5,
        "world ranking": 6,
        "weeks in top30 for core": 194
    },
    "B8": {
        "valve ranking": 29,
        "world ranking": 29,
        "weeks in top30 for core": 4
    },
    "FaZe": {
        "valve ranking": 8,
        "world ranking": 7,
        "weeks in top30 for core": 281
    },
    "Nemiga": {
        "valve ranking": 31,
        "world ranking": 31,
        "weeks in top30 for core": 0
    },
    "Aurora": {
        "valve ranking": 28,
        "world ranking": 39,
        "weeks in top30 for core": 53
    },
    "Astralis": {
        "valve ranking": 15,
        "world ranking": 17,
        "weeks in top30 for core": 111
    },
    "Passion UA": {
        "valve ranking": 57,
        "world ranking": 61,
        "weeks in top30 for core": 0
    },
    "fnatic": {
        "valve ranking": 27,
        "world ranking": 28,
        "weeks in top30 for core": 17
    },
    "3DMAX": {
        "valve ranking": 18,
        "world ranking": 24,
        "weeks in top30 for core": 86
    },
    "Liquid": {
        "valve ranking": 7,
        "world ranking": 8,
        "weeks in top30 for core": 33
    },
    "Imperial": {
        "valve ranking": 24,
        "world ranking": 23,
        "weeks in top30 for core": 21
    },
    "HEROIC": {
        "valve ranking": 16,
        "world ranking": 18,
        "weeks in top30 for core": 35
    },
    "Sangal": {
        "valve ranking": 19,
        "world ranking": 22,
        "weeks in top30 for core": 9
    },
    "Complexity": {
        "valve ranking": 9,
        "world ranking": 9,
        "weeks in top30 for core": 129
    },
    "AMKAL": {
        "valve ranking": 49,
        "world ranking": 64,
        "weeks in top30 for core": 8
    },
    "9z": {
        "valve ranking": 22,
        "world ranking": 19,
        "weeks in top30 for core": 64
    },
    "paiN": {
        "valve ranking": 12,
        "world ranking": 12,
        "weeks in top30 for core": 27
    },
    "BLEED": {
        "valve ranking": 53,
        "world ranking": 116,
        "weeks in top30 for core": 0
    },
    "SAW": {
        "valve ranking": 14,
        "world ranking": 10,
        "weeks in top30 for core": 65
    },
    "BetBoom": {
        "valve ranking": 23,
        "world ranking": 34,
        "weeks in top30 for core": 47
    },
    "Virtus.pro": {
        "valve ranking": 13,
        "world ranking": 11,
        "weeks in top30 for core": 121
    },
    "MOUZ NXT": {
        "valve ranking": 70,
        "world ranking": 122,
        "weeks in top30 for core": 0
    },
    "ENCE": {
        "valve ranking": 58,
        "world ranking": 49,
        "weeks in top30 for core": 14
    },
    "Falcons": {
        "valve ranking": 17,
        "world ranking": 15,
        "weeks in top30 for core": 43
    },
    "BIG": {
        "valve ranking": 26,
        "world ranking": 21,
        "weeks in top30 for core": 76
    },
    "FURIA": {
        "valve ranking": 11,
        "world ranking": 16,
        "weeks in top30 for core": 64
    },
    "OG": {
        "valve ranking": 69,
        "world ranking": 37,
        "weeks in top30 for core": 0
    },
    "Sashi": {
        "valve ranking": 47,
        "world ranking": 35,
        "weeks in top30 for core": 10
    },
    "SINNERS": {
        "valve ranking": 44,
        "world ranking": 32,
        "weeks in top30 for core": 36
    },
    "Fluxo": {
        "valve ranking": 34,
        "world ranking": 69,
        "weeks in top30 for core": 0
    },
    "Rebels": {
        "valve ranking": 55,
        "world ranking": 48,
        "weeks in top30 for core": 3
    },
    "Ninjas in Pyjamas": {
        "valve ranking": 25,
        "world ranking": 25,
        "weeks in top30 for core": 16
    },
    "RED Canids": {
        "valve ranking": 38,
        "world ranking": 26,
        "weeks in top30 for core": 1
    },
    "GamerLegion": {
        "valve ranking": 36,
        "world ranking": 42,
        "weeks in top30 for core": 11
    },
    "Zero Tenacity": {
        "valve ranking": 39,
        "world ranking": 41,
        "weeks in top30 for core": 0
    }
}